firstname,email
Steven,Steven.King@company.com
Neena,Neena.Kochhar@company.com
Alexander,Alexander.Hunold@company.com
Bruce,Bruce.Ernst@company.com
David,David.Austin@company.com
Valli,Valli.Pataballa@company.com
Diana,Diana.Lorentz@company.com
Nancy,Nancy.Greenberg@company.com
Daniel,Daniel.Faviet@company.com
John,John.Chen@company.com
Ismael,Ismael.Sciarra@company.com
Luis,Luis.Popp@company.com
Den,Den.Raphaely@company.com
Alexander,Alexander.Khoo@company.com
Shelli,Shelli.Baida@company.com
Sigal,Sigal.Tobias@company.com
Guy,Guy.Himuro@company.com
Karen,Karen.Colmenares@company.com
Matthew,Matthew.Weiss@company.com
Adam,Adam.Fripp@company.com
Payam,Payam.Kaufling@company.com
Shanta,Shanta.Vollman@company.com
Kevin,Kevin.Mourgos@company.com
Julia,Julia.Nayer@company.com
Irene,Irene.Mikkilineni@company.com
James,James.Landry@company.com
Steven,Steven.Markle@company.com
Laura,Laura.Bissot@company.com
Mozhe,Mozhe.Atkinson@company.com
James,James.Marlow@company.com
TJ,TJ.Olson@company.com
Jason,Jason.Mallin@company.com
Michael,Michael.Rogers@company.com
Ki,Ki.Gee@company.com
Hazel,Hazel.Philtanker@company.com
Renske,Renske.Ladwig@company.com
Stephen,Stephen.Stiles@company.com
John,John.Seo@company.com
Joshua,Joshua.Patel@company.com
Trenna,Trenna.Rajs@company.com
Curtis,Curtis.Davies@company.com
Randall,Randall.Matos@company.com
Peter,Peter.Vargas@company.com
John,John.Russell@company.com
Karen,Karen.Partners@company.com
Alberto,Alberto.Errazuriz@company.com
Gerald,Gerald.Cambrault@company.com
Eleni,Eleni.Zlotkey@company.com
Peter,Peter.Tucker@company.com
David,David.Bernstein@company.com
Peter,Peter.Hall@company.com
Christopher,Christopher.Olsen@company.com
Nanette,Nanette.Cambrault@company.com
Oliver,Oliver.Tuvault@company.com
Janette,Janette.King@company.com
Patrick,Patrick.Sully@company.com
Allan,Allan.McEwen@company.com
Lindsey,Lindsey.Smith@company.com
Louise,Louise.Doran@company.com
Sarath,Sarath.Sewall@company.com
Clara,Clara.Vishney@company.com
Danielle,Danielle.Greene@company.com
Mattea,Mattea.Marvins@company.com
David,David.Lee@company.com
Sundar,Sundar.Ande@company.com
Amit,Amit.Banda@company.com
Lisa,Lisa.Ozer@company.com
Harrison,Harrison.Bloom@company.com
Tayler,Tayler.Fox@company.com
William,William.Smith@company.com
Elizabeth,Elizabeth.Bates@company.com
Sundita,Sundita.Kumar@company.com
Ellen,Ellen.Abel@company.com
Alyssa,Alyssa.Hutton@company.com
Jonathon,Jonathon.Taylor@company.com
Jack,Jack.Livingston@company.com
Kimberely,Kimberely.Grant@company.com
Charles,Charles.Johnson@company.com
Winston,Winston.Taylor@company.com
Jean,Jean.Fleaur@company.com
Martha,Martha.Sullivan@company.com
Girard,Girard.Geoni@company.com
Nandita,Nandita.Sarchand@company.com
Alexis,Alexis.Bull@company.com
Julia,Julia.Dellinger@company.com
Anthony,Anthony.Cabrio@company.com
Kelly,Kelly.Chung@company.com
Jennifer,Jennifer.Dilly@company.com
Timothy,Timothy.Gates@company.com
Randall,Randall.Perkins@company.com
Sarah,Sarah.Bell@company.com
Britney,Britney.Everett@company.com
Samuel,Samuel.McCain@company.com
Vance,Vance.Jones@company.com
Alana,Alana.Walsh@company.com
Kevin,Kevin.Feeney@company.com
Donald,Donald.OConnell@company.com
Douglas,Douglas.Grant@company.com
Jennifer,Jennifer.Whalen@company.com
Michael,Michael.Hartstein@company.com
Pat,Pat.Fay@company.com
Susan,Susan.Mavris@company.com
Hermann,Hermann.Baer@company.com
Shelley,Shelley.Higgins@company.com
William,William.Gietz@company.com